,Date,Outlet,Product,Unit_sold,Price_per_unit,Total_sell
0,2019-12-22,outlets_8,Products_ 16,10,27.20453846761859,272.0453846761859
1,2009-08-06,outlets_8,Products_ 6,126,195.4080084145839,24621.40906023757
2,2004-09-19,outlets_7,Products_ 19,16,185.39125473159822,2966.2600757055716
3,2017-05-05,outlets_7,Products_ 9,65,137.19114477796376,8917.424410567644
4,2002-10-19,outlets_3,Products_ 12,114,304.34382758574395,34695.19634477481
5,2014-07-12,outlets_0,Products_ 2,124,365.29842244762875,45297.00438350596
6,2020-11-28,outlets_8,Products_ 3,157,203.37613901240238,31930.053824947172
7,2016-07-20,outlets_0,Products_ 6,158,263.64931928073236,41656.59244635571
8,2020-09-20,outlets_4,Products_ 2,114,438.94845595126094,50040.12397844375
9,2006-05-06,outlets_7,Products_ 7,9,139.02456450714703,1251.2210805643233
10,2004-06-23,outlets_4,Products_ 17,74,378.59563253272074,28016.076807421334
11,2013-07-18,outlets_9,Products_ 4,1,135.60853022786398,135.60853022786398
12,2012-12-09,outlets_4,Products_ 12,41,361.18913022937693,14808.754339404453
13,2017-06-14,outlets_4,Products_ 13,165,444.86477480814335,73402.68784334365
14,2011-11-24,outlets_7,Products_ 0,116,374.32323294646494,43421.49502178993
15,2005-03-17,outlets_2,Products_ 17,17,262.3954427837306,4460.72252732342
16,2012-11-27,outlets_8,Products_ 13,101,27.195012811653754,2746.696293977029
17,2015-12-17,outlets_1,Products_ 8,140,386.45709081748413,54103.99271444778
18,2022-07-16,outlets_6,Products_ 18,55,39.92585532117869,2195.922042664828
19,2019-03-11,outlets_6,Products_ 16,89,433.817186727624,38609.72961875854
20,2003-05-21,outlets_8,Products_ 8,108,77.37080757502282,8356.047218102465
21,2014-11-10,outlets_3,Products_ 1,123,366.69069085122277,45102.9549747004
22,2009-08-20,outlets_7,Products_ 12,63,307.68270008240034,19384.01010519122
23,2023-09-16,outlets_7,Products_ 4,34,337.1236450408749,11462.203931389748
24,2018-10-11,outlets_2,Products_ 8,101,77.9400516193591,7871.945213555268
25,2020-10-27,outlets_2,Products_ 8,178,261.6292204916681,46570.00124751692
26,2010-02-19,outlets_8,Products_ 12,180,412.26145090938587,74207.06116368946
27,2019-12-22,outlets_1,Products_ 9,55,162.4141669833198,8932.779184082588
28,2004-09-08,outlets_5,Products_ 18,78,435.5077306297372,33969.6029891195
29,2013-03-15,outlets_2,Products_ 2,198,157.25767387938123,31137.019428117484
30,2014-07-16,outlets_3,Products_ 6,14,223.42465464726266,3127.945165061677
31,2013-09-06,outlets_5,Products_ 8,154,188.497302294484,29028.584553350534
32,2014-07-30,outlets_0,Products_ 5,127,398.92689003894617,50663.715034946166
33,2011-01-20,outlets_4,Products_ 8,142,489.42433087484983,69498.25498422868
34,2011-01-30,outlets_5,Products_ 3,93,384.996692531932,35804.69240546968
35,2012-07-25,outlets_7,Products_ 6,87,485.5451223748056,42242.425646608084
36,2011-10-03,outlets_3,Products_ 15,31,120.26271072880692,3728.144032593015
37,2023-07-28,outlets_8,Products_ 11,159,436.60254659200507,69419.8049081288
38,2002-06-21,outlets_7,Products_ 4,90,205.8098056947381,18522.882512526427
39,2010-07-19,outlets_7,Products_ 10,141,86.54620808330955,12203.015339746647
40,2019-05-04,outlets_6,Products_ 15,66,305.76766095048146,20180.665622731776
41,2004-07-18,outlets_2,Products_ 9,32,304.71888034834006,9751.004171146882
42,2012-07-04,outlets_1,Products_ 3,58,263.1797657666425,15264.426414465266
43,2008-06-08,outlets_0,Products_ 12,37,463.4258584239323,17146.756761685494
44,2004-07-12,outlets_7,Products_ 3,28,352.6228070438951,9873.438597229062
45,2003-06-03,outlets_9,Products_ 18,19,447.5082866459495,8502.65744627304
46,2012-11-22,outlets_0,Products_ 9,94,487.9846315011861,45870.55536111149
47,2004-12-30,outlets_3,Products_ 10,78,257.99477394708504,20123.592367872632
48,2016-06-16,outlets_8,Products_ 13,151,468.94726185850027,70811.03654063355
49,2007-02-04,outlets_7,Products_ 12,152,249.25023988000652,37886.03646176099
50,2022-11-04,outlets_2,Products_ 15,95,227.04695033881063,21569.46028218701
51,2013-04-18,outlets_6,Products_ 9,140,21.422108143537017,2999.095140095182
52,2003-09-28,outlets_1,Products_ 16,157,72.92995312599065,11450.002640780533
53,2012-02-16,outlets_9,Products_ 7,75,357.24392380784775,26793.29428558858
54,2004-12-05,outlets_0,Products_ 18,138,442.7012120613488,61092.767264466136
55,2006-11-21,outlets_3,Products_ 3,16,33.246759907776756,531.9481585244281
56,2019-09-15,outlets_4,Products_ 11,19,224.63180955767237,4268.004381595775
57,2012-08-28,outlets_4,Products_ 12,119,65.742770561909,7823.389696867171
58,2014-02-02,outlets_6,Products_ 13,72,88.91066701038342,6401.568024747607
59,2007-12-26,outlets_0,Products_ 10,89,305.142602497787,27157.691622303042
60,2004-02-27,outlets_6,Products_ 7,140,490.66022857652,68692.4320007128
61,2007-08-16,outlets_9,Products_ 2,146,287.53739624510945,41980.45985178598
62,2020-06-15,outlets_5,Products_ 2,175,65.88884399851467,11530.547699740067
63,2004-02-20,outlets_2,Products_ 15,136,266.8433030542126,36290.68921537291
64,2020-04-09,outlets_5,Products_ 8,29,48.7893424629483,1414.8909314255006
65,2007-08-09,outlets_2,Products_ 12,34,363.6154845809729,12362.92647575308
66,2015-09-02,outlets_3,Products_ 0,97,68.83246243472718,6676.748856168536
67,2011-09-29,outlets_6,Products_ 0,45,373.4666268511478,16805.99820830165
68,2020-10-01,outlets_8,Products_ 11,134,387.9580206726703,51986.374770137816
69,2010-02-02,outlets_5,Products_ 19,5,43.37705134312337,216.88525671561683
70,2007-05-14,outlets_3,Products_ 16,72,243.64438635340127,17542.395817444893
71,2011-12-17,outlets_5,Products_ 16,89,226.79117106931542,20184.414225169072
72,2010-08-15,outlets_5,Products_ 13,89,119.81353381056756,10663.404509140513
73,2017-10-10,outlets_7,Products_ 2,51,324.49421618921167,16549.205025649797
74,2004-07-05,outlets_8,Products_ 0,109,110.97308016824903,12096.065738339144
75,2017-09-07,outlets_1,Products_ 9,183,299.6419080527331,54834.469173650155
76,2016-02-20,outlets_6,Products_ 6,35,110.64125209059299,3872.4438231707545
77,2003-06-11,outlets_9,Products_ 2,105,125.88187452519499,13217.596825145474
78,2007-12-05,outlets_7,Products_ 13,16,240.28206896603055,3844.513103456489
79,2013-05-16,outlets_0,Products_ 12,89,58.23164647880644,5182.616536613773
80,2014-11-21,outlets_0,Products_ 16,144,108.44685718845655,15616.347435137743
81,2014-12-03,outlets_6,Products_ 1,135,275.7845448009322,37230.91354812585
82,2013-11-23,outlets_1,Products_ 8,86,64.56222532157523,5552.351377655469
83,2014-08-01,outlets_8,Products_ 9,151,125.1425534773827,18896.52557508479
84,2015-05-04,outlets_9,Products_ 4,12,398.86458876467657,4786.375065176118
85,2017-08-13,outlets_4,Products_ 11,113,196.31038212989088,22183.07318067767
86,2010-02-28,outlets_5,Products_ 8,13,333.0915365825703,4330.189975573414
87,2019-09-28,outlets_6,Products_ 4,63,385.6962513088795,24298.863832459407
88,2002-06-23,outlets_4,Products_ 13,186,409.4489405058298,76157.50293408435
89,2012-08-24,outlets_0,Products_ 4,80,117.939616183622,9435.16929468976
90,2017-11-17,outlets_5,Products_ 13,109,378.4326971274228,41249.163986889085
91,2023-08-04,outlets_8,Products_ 6,43,438.60664655990035,18860.085802075715
92,2021-01-21,outlets_3,Products_ 7,58,156.2622731034201,9063.211839998366
93,2003-10-02,outlets_7,Products_ 8,98,241.66543168496827,23683.21230512689
94,2010-03-18,outlets_0,Products_ 11,51,118.07098739834927,6021.620357315813
95,2005-06-24,outlets_1,Products_ 18,46,450.64633686185005,20729.7314956451
96,2015-01-02,outlets_5,Products_ 10,169,477.0600259838756,80623.14439127498
97,2022-10-13,outlets_0,Products_ 1,166,114.49653511833978,19006.424829644402
98,2012-12-01,outlets_5,Products_ 2,129,28.626674251278043,3692.8409784148675
99,2008-11-03,outlets_6,Products_ 3,147,287.75584850976634,42300.10973093565
100,2011-12-04,outlets_1,Products_ 10,24,84.3806180508624,2025.1348332206976
101,2011-08-17,outlets_5,Products_ 9,4,56.31554570153035,225.2621828061214
102,2020-12-03,outlets_1,Products_ 15,30,356.04253135654193,10681.275940696258
103,2016-03-06,outlets_6,Products_ 14,17,390.6346700797305,6640.789391355418
104,2003-02-06,outlets_8,Products_ 17,85,331.86539356873215,28208.558453342233
105,2008-07-16,outlets_3,Products_ 1,83,418.60058526167813,34743.84857671928
106,2011-01-08,outlets_4,Products_ 18,113,468.3248811380589,52920.71156860066
107,2012-10-06,outlets_7,Products_ 2,15,355.2461020909718,5328.691531364577
108,2018-06-12,outlets_1,Products_ 2,52,202.2814479895746,10518.635295457878
109,2020-12-29,outlets_0,Products_ 3,80,77.65350296843036,6212.280237474429
110,2010-10-05,outlets_4,Products_ 13,18,69.0313948489523,1242.5651072811415
111,2004-07-15,outlets_8,Products_ 18,179,51.63601514559123,9242.84671106083
112,2020-01-17,outlets_0,Products_ 4,54,236.35117213747503,12762.963295423651
113,2012-02-21,outlets_4,Products_ 8,154,438.1537049152206,67475.67055694397
114,2019-12-12,outlets_8,Products_ 8,111,344.003384914608,38184.37572552149
115,2008-04-17,outlets_8,Products_ 11,177,183.75430170582376,32524.511401930806
116,2013-08-09,outlets_9,Products_ 10,18,377.50557421162483,6795.100335809247
117,2013-07-10,outlets_0,Products_ 10,161,411.56007549628094,66261.17215490123
118,2017-07-15,outlets_3,Products_ 14,82,159.10340407453555,13046.479134111914
119,2021-10-01,outlets_3,Products_ 1,42,193.77027256190468,8138.351447599996
120,2015-04-06,outlets_5,Products_ 3,91,491.17486576696786,44696.912784794076
121,2012-07-15,outlets_2,Products_ 9,13,266.83717811391864,3468.883315480942
122,2020-09-26,outlets_8,Products_ 19,31,219.4313539550059,6802.371972605183
123,2013-07-08,outlets_6,Products_ 10,146,263.7076138516261,38501.31162233741
124,2009-03-22,outlets_9,Products_ 18,145,484.79846535177614,70295.77747600754
125,2020-03-30,outlets_4,Products_ 4,129,205.3187374312069,26486.11712862569
126,2008-03-23,outlets_3,Products_ 0,160,134.6798412480394,21548.7745996863
127,2012-11-23,outlets_3,Products_ 19,102,325.175128851743,33167.86314287779
128,2015-06-27,outlets_0,Products_ 11,193,235.40287417414447,45432.75471560988
129,2019-12-16,outlets_4,Products_ 16,125,51.55279207874757,6444.099009843447
130,2012-08-22,outlets_9,Products_ 12,167,48.68377716431461,8130.19078644054
131,2010-04-14,outlets_7,Products_ 12,23,232.90185070510705,5356.742566217462
132,2018-07-14,outlets_6,Products_ 15,97,232.99715013106135,22600.723562712952
133,2003-11-07,outlets_2,Products_ 1,67,417.32621059398997,27960.85610979733
134,2007-05-02,outlets_0,Products_ 16,68,87.17584163635564,5927.957231272184
135,2010-04-21,outlets_7,Products_ 9,191,137.5935280739704,26280.363862128346
136,2016-02-26,outlets_8,Products_ 8,96,468.7544863570139,45000.43069027334
137,2016-08-10,outlets_5,Products_ 1,100,319.2476554910329,31924.76554910329
138,2013-03-12,outlets_4,Products_ 3,156,359.5704340570212,56092.98771289531
139,2008-01-07,outlets_6,Products_ 12,83,291.4083080192377,24186.88956559673
140,2023-06-27,outlets_2,Products_ 13,63,231.58468529415902,14589.835173532018
141,2006-10-23,outlets_2,Products_ 7,78,266.14406906759734,20759.23738727259
142,2019-06-03,outlets_0,Products_ 19,108,283.3106201259056,30597.546973597804
143,2015-04-16,outlets_1,Products_ 13,49,422.28069769928373,20691.7541872649
144,2020-06-27,outlets_5,Products_ 18,118,338.8329750442271,39982.2910552188
145,2007-06-02,outlets_7,Products_ 3,116,420.2544817234575,48749.51987992107
146,2021-12-04,outlets_4,Products_ 9,166,178.06492367747148,29558.777330460267
147,2017-03-13,outlets_7,Products_ 6,12,45.684992765813185,548.2199131897582
148,2008-01-06,outlets_7,Products_ 4,150,57.39938887559573,8609.90833133936
149,2018-10-29,outlets_2,Products_ 1,162,496.04834826421404,80359.83241880267
150,2017-10-26,outlets_0,Products_ 16,96,133.98238134263107,12862.308608892583
151,2006-12-18,outlets_4,Products_ 6,172,145.1000623881543,24957.21073076254
152,2016-06-20,outlets_0,Products_ 0,74,496.3321229571194,36728.577098826834
153,2022-06-20,outlets_3,Products_ 15,169,14.454077446067927,2442.7390883854796
154,2003-07-09,outlets_4,Products_ 7,102,405.5504739054919,41366.14833836017
155,2009-12-17,outlets_7,Products_ 15,172,184.09292069227018,31663.982359070473
156,2005-12-31,outlets_2,Products_ 2,91,252.5138522230999,22978.76055230209
157,2003-07-29,outlets_0,Products_ 6,72,444.5113932485358,32004.820313894576
158,2002-08-01,outlets_0,Products_ 16,137,188.48147230501127,25821.961705786543
159,2023-05-12,outlets_2,Products_ 16,73,45.477704276026714,3319.87241214995
160,2017-08-03,outlets_0,Products_ 10,157,312.0381003087513,48989.98174847396
161,2007-02-21,outlets_4,Products_ 11,110,369.1554406017957,40607.09846619753
162,2019-02-16,outlets_7,Products_ 17,31,462.10803257293145,14325.349009760876
163,2015-10-03,outlets_6,Products_ 10,124,65.61844254314968,8136.6868753505605
164,2014-02-12,outlets_1,Products_ 6,154,35.918888164628115,5531.508777352729
165,2006-10-03,outlets_1,Products_ 7,191,491.8085210048111,93935.42751191893
166,2017-01-14,outlets_0,Products_ 8,14,297.2034038849,4160.8476543886
167,2012-05-21,outlets_3,Products_ 1,170,11.324972798035875,1925.2453756660987
168,2009-11-03,outlets_4,Products_ 14,162,262.34164365852484,42499.346272681025
169,2011-05-10,outlets_2,Products_ 4,5,346.7211573603869,1733.6057868019343
170,2002-06-03,outlets_0,Products_ 14,95,310.4176159320819,29489.67351354778
171,2017-04-04,outlets_1,Products_ 11,29,162.23669167448352,4704.864058560022
172,2012-03-28,outlets_4,Products_ 16,40,426.23991793019536,17049.596717207816
173,2002-10-25,outlets_0,Products_ 10,92,197.79066983064243,18196.741624419104
174,2023-05-02,outlets_4,Products_ 16,104,336.502914077645,34996.30306407508
175,2016-09-06,outlets_1,Products_ 2,10,139.28311800319872,1392.8311800319873
176,2011-07-10,outlets_3,Products_ 15,8,355.6237010516011,2844.9896084128086
177,2012-11-25,outlets_3,Products_ 12,151,371.6893869134565,56125.097423931926
178,2019-08-16,outlets_4,Products_ 7,33,486.7221269943003,16061.83019081191
179,2018-06-18,outlets_1,Products_ 19,4,110.81310423090258,443.2524169236103
180,2006-07-17,outlets_1,Products_ 4,10,348.539621038108,3485.39621038108
181,2009-05-17,outlets_8,Products_ 17,181,209.93629703752887,37998.469763792724
182,2023-09-25,outlets_4,Products_ 6,197,405.62777521680493,79908.67171771057
183,2006-01-25,outlets_0,Products_ 14,159,387.0926156390952,61547.725886616136
184,2022-03-13,outlets_1,Products_ 5,199,371.02782997188416,73834.53816440495
185,2023-10-17,outlets_5,Products_ 12,121,10.797474014714979,1306.4943557805125
186,2016-05-31,outlets_3,Products_ 12,117,35.84101844014944,4193.399157497484
187,2017-09-21,outlets_7,Products_ 5,75,372.2607787554164,27919.558406656233
188,2021-07-19,outlets_9,Products_ 10,31,414.7561653588375,12857.441126123962
189,2004-05-20,outlets_1,Products_ 0,138,189.2767220864183,26120.187647925723
190,2014-02-04,outlets_7,Products_ 11,3,370.8443900745465,1112.5331702236394
191,2019-05-02,outlets_3,Products_ 4,194,220.55148392840525,42786.98788211062
192,2014-07-11,outlets_9,Products_ 4,116,13.37747180018247,1551.7867288211664
193,2003-11-20,outlets_6,Products_ 4,142,255.57420599885108,36291.53725183685
194,2008-04-10,outlets_1,Products_ 9,181,13.731629176078936,2485.4248808702873
195,2004-11-08,outlets_5,Products_ 16,134,437.67680017063043,58648.69122286448
196,2019-05-03,outlets_2,Products_ 12,85,86.19536494662464,7326.606020463094
197,2020-09-19,outlets_6,Products_ 19,177,271.75011052369985,48099.76956269487
198,2020-12-25,outlets_4,Products_ 19,191,136.60769973101924,26092.070648624675
199,2013-03-16,outlets_5,Products_ 7,43,421.58292311827324,18128.065694085748
200,2006-12-10,outlets_7,Products_ 6,163,246.75671802632218,40221.345038290514
201,2013-08-20,outlets_8,Products_ 8,169,29.950529480261437,5061.6394821641825
202,2007-01-04,outlets_9,Products_ 8,47,233.73530558039016,10985.559362278338
203,2008-08-31,outlets_2,Products_ 11,161,400.7622918778658,64522.72899233639
204,2022-03-16,outlets_3,Products_ 13,95,125.8394654123437,11954.74921417265
205,2007-06-21,outlets_7,Products_ 13,87,254.54993668350798,22145.844491465195
206,2015-12-14,outlets_2,Products_ 11,187,463.5706332783168,86687.70842304525
207,2010-07-27,outlets_5,Products_ 16,198,87.9002348613478,17404.246502546863
208,2004-10-19,outlets_7,Products_ 6,121,209.89060923875718,25396.76371788962
209,2010-09-24,outlets_5,Products_ 19,46,423.25543800917785,19469.75014842218
210,2022-04-17,outlets_6,Products_ 16,19,313.62406736726916,5958.857279978114
211,2011-06-21,outlets_9,Products_ 15,179,163.24120240893586,29220.17523119952
212,2018-03-22,outlets_0,Products_ 14,45,252.31422745076952,11354.140235284629
213,2022-08-10,outlets_6,Products_ 1,130,193.70601905435151,25181.782477065695
214,2004-10-22,outlets_7,Products_ 9,64,419.56053287633677,26851.874104085553
215,2017-10-29,outlets_4,Products_ 13,108,361.25061975895926,39015.0669339676
216,2012-05-24,outlets_4,Products_ 15,19,400.27911768643776,7605.303236042318
217,2006-10-31,outlets_9,Products_ 10,156,263.3728523376003,41086.164964665644
218,2007-12-15,outlets_4,Products_ 1,84,480.9290529051375,40398.04044403155
219,2005-01-19,outlets_8,Products_ 9,166,333.03820080632454,55284.34133384987
220,2016-04-09,outlets_7,Products_ 13,104,428.8994750424463,44605.54540441441
221,2007-04-08,outlets_0,Products_ 8,144,182.64754718804863,26301.246795079
222,2011-04-14,outlets_6,Products_ 4,56,207.42276051359428,11615.67458876128
223,2003-09-22,outlets_2,Products_ 4,135,458.4115941165821,61885.56520573858
224,2012-02-16,outlets_0,Products_ 14,45,388.2527164680977,17471.372241064397
225,2014-08-19,outlets_8,Products_ 8,10,344.626871409263,3446.26871409263
226,2015-04-08,outlets_3,Products_ 6,51,377.0221567604561,19228.12999478326
227,2015-02-25,outlets_0,Products_ 10,1,199.21299880091638,199.21299880091638
228,2014-04-28,outlets_2,Products_ 12,45,167.70432282537357,7546.694527141811
229,2022-05-14,outlets_6,Products_ 9,69,162.99511380269908,11246.662852386236
230,2008-04-28,outlets_9,Products_ 6,15,474.3425829841705,7115.1387447625575
231,2023-04-01,outlets_6,Products_ 17,118,445.6339390386528,52584.80480656103
232,2023-06-15,outlets_1,Products_ 2,133,332.1628157914386,44177.654500261335
233,2016-01-16,outlets_6,Products_ 16,135,237.98432503013956,32127.88387906884
234,2005-04-23,outlets_8,Products_ 7,43,57.965189767850845,2492.503160017586
235,2004-03-16,outlets_5,Products_ 0,45,102.58427022172854,4616.292159977785
236,2014-02-27,outlets_1,Products_ 16,113,209.06849015151917,23624.739387121666
237,2008-08-14,outlets_7,Products_ 9,39,462.9580105459308,18055.362411291302
238,2005-04-04,outlets_6,Products_ 4,149,90.65693621184312,13507.883495564625
239,2004-06-05,outlets_9,Products_ 10,138,144.64736652980613,19961.336581113246
240,2016-11-02,outlets_2,Products_ 0,41,181.15447366622547,7427.333420315244
241,2020-08-24,outlets_4,Products_ 7,145,400.4001915518216,58058.02777501413
242,2010-12-03,outlets_8,Products_ 4,76,483.97624058429994,36782.194284406796
243,2018-06-08,outlets_9,Products_ 1,168,102.59513584049083,17235.98282120246
244,2008-12-08,outlets_4,Products_ 9,59,223.97918013639512,13214.771628047312
245,2011-10-27,outlets_6,Products_ 17,40,365.9395871095786,14637.583484383144
246,2004-03-07,outlets_7,Products_ 8,50,164.4837023570973,8224.185117854864
247,2024-02-04,outlets_6,Products_ 15,128,98.61230009718037,12622.374412439087
248,2009-04-08,outlets_5,Products_ 3,140,448.6484993528089,62810.78990939325
249,2006-08-08,outlets_6,Products_ 12,107,50.653722876642455,5419.948347800742
250,2003-12-26,outlets_0,Products_ 5,80,472.4291178236983,37794.32942589586
251,2007-01-12,outlets_9,Products_ 1,22,374.92642980551966,8248.381455721432
252,2018-10-05,outlets_0,Products_ 3,198,115.39204349855484,22847.62461271386
253,2009-06-21,outlets_3,Products_ 18,177,90.94846970614344,16097.87913798739
254,2015-09-18,outlets_3,Products_ 18,61,289.19843758798845,17641.104692867295
255,2017-09-28,outlets_2,Products_ 6,59,411.3108869566,24267.3423304394
256,2011-03-28,outlets_1,Products_ 4,142,221.2670720204455,31419.924226903262
257,2007-03-28,outlets_1,Products_ 0,105,384.29759628579194,40351.247610008155
258,2008-12-18,outlets_3,Products_ 0,4,367.7522639466132,1471.0090557864528
259,2015-11-13,outlets_0,Products_ 9,160,228.5613767357356,36569.82027771769
260,2003-01-29,outlets_5,Products_ 19,146,358.96947121196615,52409.542796947055
261,2014-08-02,outlets_1,Products_ 4,158,323.23367297170336,51070.92032952913
262,2011-04-20,outlets_2,Products_ 13,198,122.41594853471624,24238.357809873814
263,2017-07-20,outlets_3,Products_ 8,179,480.05748023393465,85930.2889618743
264,2016-03-18,outlets_6,Products_ 1,52,301.5767064774911,15681.988736829537
265,2003-05-03,outlets_9,Products_ 9,149,238.40838338246758,35522.84912398767
266,2011-07-06,outlets_7,Products_ 7,6,463.9270417130894,2783.5622502785363
267,2004-05-12,outlets_7,Products_ 6,109,112.44745700594326,12256.772813647816
268,2018-02-17,outlets_2,Products_ 8,199,344.9357352629815,68642.21131733332
269,2022-11-09,outlets_2,Products_ 12,190,499.65055673796354,94933.60578021307
270,2006-04-11,outlets_5,Products_ 19,145,280.72698198106485,40705.4123872544
271,2018-02-22,outlets_9,Products_ 8,133,358.50837055717375,47681.61328410411
272,2002-07-10,outlets_9,Products_ 14,151,85.80569498654455,12956.659942968226
273,2003-07-30,outlets_0,Products_ 11,20,439.71555701126135,8794.311140225227
274,2012-06-06,outlets_4,Products_ 13,86,480.59602863983747,41331.258463026024
275,2012-04-02,outlets_3,Products_ 7,36,146.79079490933472,5284.46861673605
276,2016-05-02,outlets_1,Products_ 19,121,333.2831773836827,40327.26446342561
277,2017-11-18,outlets_7,Products_ 12,36,209.8231903403958,7553.6348522542485
278,2004-06-16,outlets_9,Products_ 16,113,233.17142569927034,26348.371104017548
279,2007-01-25,outlets_7,Products_ 8,12,245.06614368658447,2940.7937242390135
280,2016-12-17,outlets_1,Products_ 19,42,485.8823300947259,20407.057863978487
281,2022-05-25,outlets_8,Products_ 11,55,308.5211384562754,16968.66261509515
282,2012-03-14,outlets_0,Products_ 6,20,459.8274193034496,9196.548386068991
283,2010-12-26,outlets_5,Products_ 5,42,156.91067706901833,6590.24843689877
284,2022-08-12,outlets_8,Products_ 10,190,381.40027985413076,72466.05317228484
285,2018-09-24,outlets_8,Products_ 0,139,65.35339031488755,9084.12125376937
286,2004-02-13,outlets_2,Products_ 13,37,305.9349000684771,11319.591302533652
287,2017-07-24,outlets_3,Products_ 10,1,16.725265844907913,16.725265844907913
288,2017-01-24,outlets_5,Products_ 7,159,78.78203677813937,12526.34384772416
289,2010-11-22,outlets_1,Products_ 16,63,290.73874197318423,18316.540744310605
290,2005-09-25,outlets_8,Products_ 9,86,158.90703998510259,13666.005438718823
291,2014-03-22,outlets_4,Products_ 19,33,41.75329361447942,1377.8586892778208
292,2008-10-08,outlets_5,Products_ 17,105,59.24882400685434,6221.126520719706
293,2016-08-12,outlets_1,Products_ 3,14,446.38006094744185,6249.320853264186
294,2017-08-26,outlets_4,Products_ 5,196,157.6088304320913,30891.330764689897
295,2022-11-04,outlets_1,Products_ 18,125,482.3810801897868,60297.63502372335
296,2003-05-08,outlets_4,Products_ 4,160,420.66318640073234,67306.10982411717
297,2023-04-13,outlets_5,Products_ 2,33,308.92078846429706,10194.386019321802
298,2024-01-23,outlets_8,Products_ 3,167,431.4024140500866,72044.20314636445
299,2013-09-09,outlets_6,Products_ 11,166,56.18881361272667,9327.343059712626
300,2022-11-08,outlets_2,Products_ 3,188,402.66533115561066,75701.0822572548
301,2016-06-08,outlets_1,Products_ 13,104,297.898258523882,30981.41888648373
302,2014-07-17,outlets_6,Products_ 14,21,131.0425288803099,2751.893106486508
303,2003-04-09,outlets_2,Products_ 10,160,369.3295737494849,59092.73179991759
304,2014-08-18,outlets_5,Products_ 9,90,481.74762634705405,43357.28637123486
305,2004-02-14,outlets_0,Products_ 6,125,339.49050377546877,42436.3129719336
306,2003-06-11,outlets_5,Products_ 5,1,317.93313490504613,317.93313490504613
307,2016-08-06,outlets_3,Products_ 15,97,30.263172652648485,2935.527747306903
308,2011-07-05,outlets_4,Products_ 4,26,181.50717700607967,4719.186602158072
309,2003-11-08,outlets_0,Products_ 19,64,149.13283715162453,9544.50157770397
310,2012-06-03,outlets_6,Products_ 17,60,237.668316558747,14260.09899352482
311,2003-03-23,outlets_5,Products_ 6,3,158.60759286139023,475.8227785841707
312,2007-04-04,outlets_6,Products_ 0,31,408.89570061716825,12675.766719132216
313,2014-02-21,outlets_4,Products_ 10,18,385.41242953118393,6937.423731561311
314,2022-10-03,outlets_0,Products_ 0,60,304.1650168334265,18249.90101000559
315,2014-01-14,outlets_2,Products_ 16,199,451.491614178402,89846.831221502
316,2003-06-29,outlets_2,Products_ 15,192,227.0119263869279,43586.28986629016
317,2022-06-02,outlets_5,Products_ 5,87,187.52038048003956,16314.273101763441
318,2020-03-07,outlets_4,Products_ 18,30,245.66207554968497,7369.862266490549
319,2016-06-26,outlets_0,Products_ 18,107,486.93982707060064,52102.56149655427
320,2017-03-23,outlets_8,Products_ 12,93,32.02769843254897,2978.5759542270544
321,2009-02-12,outlets_4,Products_ 19,20,379.39371778268725,7587.874355653745
322,2015-01-31,outlets_0,Products_ 11,129,199.10707666775846,25684.81289014084
323,2006-06-28,outlets_5,Products_ 7,136,294.4868287313339,40050.20870746141
324,2009-07-26,outlets_4,Products_ 17,171,30.38482319814568,5195.804766882911
325,2004-08-02,outlets_2,Products_ 13,88,478.9750579673493,42149.80510112674
326,2010-05-24,outlets_3,Products_ 14,58,234.64021790788973,13609.132638657604
327,2018-10-28,outlets_8,Products_ 16,3,368.95449614956925,1106.8634884487078
328,2020-01-29,outlets_0,Products_ 0,163,364.9105631676929,59480.42179633394
329,2013-04-08,outlets_1,Products_ 15,59,187.078695779245,11037.643050975455
330,2012-01-06,outlets_2,Products_ 14,139,292.31276633762945,40631.4745209305
331,2020-02-06,outlets_8,Products_ 19,80,54.67277051698221,4373.821641358577
332,2023-10-21,outlets_9,Products_ 15,161,399.0159874927977,64241.57398634043
333,2012-05-07,outlets_1,Products_ 10,70,219.26311137257866,15348.417796080506
334,2012-01-24,outlets_1,Products_ 4,145,304.7197792155675,44184.36798625728
335,2017-05-18,outlets_1,Products_ 11,6,37.736474356838755,226.41884614103253
336,2003-02-18,outlets_6,Products_ 7,122,51.426607803065394,6274.046151973978
337,2013-06-22,outlets_7,Products_ 3,64,18.895735492130697,1209.3270714963646
338,2014-09-17,outlets_1,Products_ 0,84,329.03468348593753,27638.913412818754
339,2020-05-26,outlets_9,Products_ 11,76,224.09775142663565,17031.42910842431
340,2016-04-15,outlets_5,Products_ 1,171,64.95507080273492,11107.317107267672
341,2011-04-17,outlets_8,Products_ 10,122,36.57651228309351,4462.334498537408
342,2015-04-21,outlets_0,Products_ 13,167,322.8205220385413,53911.027180436395
343,2012-11-18,outlets_7,Products_ 6,186,476.13389846608743,88560.90511469226
344,2008-06-19,outlets_4,Products_ 12,136,499.23115929966957,67895.43766475507
345,2012-07-13,outlets_8,Products_ 0,106,466.4171211421376,49440.21484106658
346,2006-06-07,outlets_7,Products_ 17,39,26.65114620610432,1039.3947020380683
347,2022-04-10,outlets_3,Products_ 17,111,431.47631295402874,47893.87073789719
348,2008-01-17,outlets_9,Products_ 0,49,207.5730638675746,10171.080129511156
349,2013-05-20,outlets_8,Products_ 15,156,79.81512946987787,12451.16019730095
350,2021-08-01,outlets_0,Products_ 12,110,141.99245045502005,15619.169550052206
351,2004-08-25,outlets_0,Products_ 8,65,294.1355513923067,19118.810840499937
352,2003-06-11,outlets_1,Products_ 11,178,286.01534557221504,50910.731511854276
353,2006-09-17,outlets_2,Products_ 19,10,448.16601475938535,4481.660147593853
354,2011-12-28,outlets_7,Products_ 9,28,251.84713621588082,7051.7198140446635
355,2017-02-17,outlets_3,Products_ 4,53,386.6292088367139,20491.348068345837
356,2016-06-12,outlets_0,Products_ 7,91,191.68600644475097,17443.42658647234
357,2005-11-20,outlets_6,Products_ 4,58,173.8980905918525,10086.089254327446
358,2017-07-28,outlets_6,Products_ 11,177,200.81227523722467,35543.772716988766
359,2022-11-24,outlets_3,Products_ 10,114,249.14418722619374,28402.437343786085
360,2004-03-20,outlets_6,Products_ 10,107,398.7445915617336,42665.671297105495
361,2003-11-05,outlets_1,Products_ 2,24,91.50156690079932,2196.0376056191835
362,2018-09-11,outlets_2,Products_ 1,154,115.08471971675067,17723.046836379603
363,2019-09-22,outlets_5,Products_ 5,148,442.1695847425428,65441.09854189633
364,2009-11-02,outlets_8,Products_ 1,49,48.58027657124988,2380.4335519912443
365,2006-09-05,outlets_5,Products_ 7,77,147.0509698808081,11322.924680822225
366,2012-12-01,outlets_6,Products_ 0,76,343.3132631238624,26091.80799741354
367,2010-07-03,outlets_3,Products_ 5,94,178.55887895756356,16784.534622010975
368,2007-03-21,outlets_6,Products_ 11,31,76.3157526767571,2365.78833297947
369,2010-10-30,outlets_5,Products_ 15,32,297.70488865955593,9526.55643710579
370,2017-05-20,outlets_3,Products_ 11,157,362.2248444375604,56869.30057669699
371,2008-01-31,outlets_7,Products_ 8,102,214.06254401431616,21834.379489460247
372,2019-09-11,outlets_6,Products_ 16,150,313.62025532155417,47043.03829823313
373,2002-07-16,outlets_4,Products_ 6,175,421.53305471054614,73768.28457434557
374,2011-06-15,outlets_4,Products_ 19,175,10.05542148374351,1759.6987596551144
375,2005-10-07,outlets_4,Products_ 4,46,490.76677517865994,22575.271658218357
376,2017-09-21,outlets_4,Products_ 7,85,188.7869743739366,16046.892821784611
377,2002-12-18,outlets_5,Products_ 8,149,438.0810028381191,65274.069422879744
378,2016-04-23,outlets_7,Products_ 5,178,200.46067366152133,35681.9999117508
379,2010-05-23,outlets_9,Products_ 3,34,325.29237811259134,11059.940855828105
380,2018-05-06,outlets_6,Products_ 12,131,359.8778572223949,47143.99929613373
381,2018-04-18,outlets_5,Products_ 1,98,439.37937481356533,43059.1787317294
382,2012-05-09,outlets_2,Products_ 15,13,61.024709061336964,793.3212177973805
383,2008-02-29,outlets_4,Products_ 10,83,337.6696251414801,28026.578886742845
384,2007-04-13,outlets_3,Products_ 3,67,95.34794903064035,6388.312585052903
385,2002-07-01,outlets_0,Products_ 14,38,206.4022107899551,7843.284010018294
386,2019-05-10,outlets_3,Products_ 7,160,292.7866361350148,46845.86178160237
387,2009-12-14,outlets_8,Products_ 6,57,222.55902268447278,12685.864293014949
388,2002-12-13,outlets_3,Products_ 12,88,36.77310758597039,3236.033467565395
389,2014-12-22,outlets_8,Products_ 10,127,345.816852227018,43918.74023283128
390,2008-02-28,outlets_0,Products_ 17,56,296.26754427079004,16590.982479164242
391,2021-04-10,outlets_7,Products_ 5,98,417.6794931224977,40932.59032600478
392,2022-03-21,outlets_4,Products_ 3,75,182.58464587034462,13693.848440275846
393,2021-11-12,outlets_2,Products_ 17,16,196.6772388774363,3146.835822038981
394,2002-08-20,outlets_6,Products_ 14,81,236.24905650848183,19136.17357718703
395,2008-08-30,outlets_9,Products_ 9,39,48.11655252371094,1876.5455484247268
396,2006-11-27,outlets_6,Products_ 11,184,36.36179062222725,6690.569474489814
397,2011-10-07,outlets_4,Products_ 8,118,463.30314604016297,54669.77123273923
398,2008-03-03,outlets_2,Products_ 16,50,420.20143242614694,21010.071621307347
399,2007-04-09,outlets_5,Products_ 15,131,402.72765041794923,52757.32220475135
400,2015-11-29,outlets_4,Products_ 18,71,317.07743314189685,22512.497753074676
401,2020-05-28,outlets_2,Products_ 19,134,16.666355451668977,2233.291630523643
402,2020-01-23,outlets_9,Products_ 5,30,130.38230119355669,3911.4690358067005
403,2023-11-27,outlets_5,Products_ 16,20,306.0922904150509,6121.845808301018
404,2023-03-09,outlets_1,Products_ 10,26,248.0425648863661,6449.106687045519
405,2003-07-31,outlets_7,Products_ 18,16,192.694952944042,3083.119247104672
406,2010-11-10,outlets_3,Products_ 8,183,41.40352072711166,7576.844293061434
407,2022-05-24,outlets_7,Products_ 19,100,147.61718798024688,14761.718798024689
408,2010-01-08,outlets_7,Products_ 12,83,119.50472883439792,9918.892493255027
409,2012-10-16,outlets_4,Products_ 17,185,236.6815422091002,43786.085308683534
410,2020-05-05,outlets_8,Products_ 7,42,225.79845132550528,9483.534955671223
411,2004-10-01,outlets_1,Products_ 5,91,257.6172906658109,23443.173450588794
412,2004-10-20,outlets_9,Products_ 16,27,476.2812672687404,12859.594216255991
413,2004-12-01,outlets_6,Products_ 19,9,19.16286581982554,172.46579237842985
414,2006-11-07,outlets_5,Products_ 10,161,188.90367872641613,30413.492274952998
415,2014-03-22,outlets_2,Products_ 19,72,406.56540036991447,29272.708826633843
416,2005-02-03,outlets_9,Products_ 9,88,496.9896017898139,43735.08495750362
417,2011-10-01,outlets_7,Products_ 13,197,390.1475159189459,76859.06063603234
418,2013-11-24,outlets_3,Products_ 19,15,238.1454157119925,3572.181235679888
419,2021-09-29,outlets_1,Products_ 5,36,432.42778175002235,15567.400143000805
420,2011-06-23,outlets_4,Products_ 10,112,97.4947045651697,10919.406911299006
421,2020-07-31,outlets_6,Products_ 18,166,134.510315236634,22328.712329281243
422,2018-02-14,outlets_0,Products_ 7,112,45.84877464469689,5135.062760206051
423,2009-10-08,outlets_1,Products_ 8,63,87.6928994713193,5524.652666693116
424,2021-12-05,outlets_7,Products_ 8,68,469.5831072944392,31931.651296021864
425,2005-06-21,outlets_1,Products_ 1,15,347.58565820572005,5213.7848730858
426,2015-10-30,outlets_3,Products_ 9,166,65.96889217656427,10950.83610130967
427,2023-04-18,outlets_2,Products_ 4,58,163.71145598089737,9495.264446892048
428,2008-05-30,outlets_7,Products_ 13,109,169.3469159137176,18458.813834595217
429,2009-01-21,outlets_6,Products_ 0,35,359.655519931241,12587.943197593435
430,2014-07-08,outlets_8,Products_ 13,180,381.7142506932178,68708.56512477921
431,2015-11-19,outlets_1,Products_ 2,51,365.4932507360388,18640.15578753798
432,2006-10-15,outlets_6,Products_ 16,179,421.4267208698514,75435.3830357034
433,2010-07-02,outlets_9,Products_ 4,15,222.30734531499695,3334.6101797249544
434,2011-05-08,outlets_5,Products_ 0,121,190.63694743297683,23067.070639390196
435,2006-06-16,outlets_0,Products_ 4,181,372.4878358336036,67420.29828588225
436,2018-09-27,outlets_8,Products_ 7,159,230.39765057252873,36633.22644103207
437,2018-06-14,outlets_8,Products_ 9,82,268.6116993780726,22026.159349001955
438,2002-06-21,outlets_8,Products_ 6,11,121.83329360084412,1340.1662296092852
439,2017-02-03,outlets_9,Products_ 9,62,363.04599720276843,22508.85182657164
440,2004-03-15,outlets_5,Products_ 2,24,114.49547534897377,2747.8914083753707
441,2019-08-25,outlets_2,Products_ 12,130,192.50352453425347,25025.45818945295
442,2008-02-24,outlets_7,Products_ 0,29,210.05139842775176,6091.4905544048015
443,2010-03-30,outlets_1,Products_ 17,59,378.9628001927664,22358.805211373216
444,2011-09-09,outlets_8,Products_ 3,11,486.73900612613477,5354.129067387483
445,2009-05-24,outlets_1,Products_ 5,12,33.704944423322445,404.45933307986934
446,2014-01-08,outlets_2,Products_ 16,130,57.35765564866414,7456.4952343263385
447,2020-11-01,outlets_0,Products_ 19,163,380.4742654877352,62017.30527450083
448,2016-11-21,outlets_8,Products_ 17,120,229.4698297279462,27536.379567353546
449,2012-04-07,outlets_6,Products_ 5,140,283.464414245747,39685.017994404574
450,2021-09-09,outlets_0,Products_ 15,47,189.16472778586012,8890.742205935425
451,2013-06-26,outlets_1,Products_ 18,75,175.9301402742695,13194.760520570211
452,2015-03-23,outlets_2,Products_ 19,165,125.55198310540572,20716.077212391945
453,2005-02-22,outlets_3,Products_ 8,135,121.43343992883955,16393.51439039334
454,2021-04-25,outlets_4,Products_ 13,64,54.514463787384216,3488.92568239259
455,2014-03-15,outlets_6,Products_ 15,61,402.66663915685257,24562.664988568005
456,2020-09-11,outlets_7,Products_ 13,4,100.32427869898471,401.29711479593885
457,2005-09-16,outlets_2,Products_ 10,51,91.62296688340025,4672.771311053413
458,2023-04-29,outlets_4,Products_ 17,60,439.52437662920727,26371.462597752437
459,2005-04-05,outlets_4,Products_ 4,163,157.44290599969528,25663.19367795033
460,2010-03-08,outlets_5,Products_ 19,150,50.406498876644704,7560.9748314967055
461,2016-10-23,outlets_2,Products_ 18,145,289.53753738327,41982.94292057415
462,2014-06-11,outlets_7,Products_ 9,104,295.1661845347941,30697.28319161859
463,2016-08-13,outlets_9,Products_ 7,147,225.35263531404294,33126.837391164314
464,2018-06-21,outlets_0,Products_ 12,62,114.77083075572342,7115.791506854852
465,2006-12-02,outlets_7,Products_ 4,183,424.9254658328085,77761.36024740397
466,2018-04-11,outlets_0,Products_ 0,123,150.43292985550943,18503.25037222766
467,2002-11-06,outlets_0,Products_ 2,189,493.8430575831973,93336.33788322429
468,2014-07-01,outlets_5,Products_ 18,150,182.29220118152543,27343.830177228814
469,2013-10-07,outlets_4,Products_ 12,127,462.09117471998036,58685.57918943751
470,2020-01-13,outlets_8,Products_ 6,84,484.28608048954834,40680.03076112206
471,2018-02-25,outlets_4,Products_ 12,72,97.13069571567306,6993.41009152846
472,2017-03-17,outlets_0,Products_ 1,145,103.03819581414537,14940.538393051078
473,2019-03-23,outlets_9,Products_ 7,196,237.39045368856202,46528.528922958154
474,2009-12-19,outlets_0,Products_ 5,167,173.190468908196,28922.808307668733
475,2020-12-12,outlets_2,Products_ 4,156,410.7260701999055,64073.26695118526
476,2004-11-07,outlets_6,Products_ 15,99,251.3258051004834,24881.254704947856
477,2011-04-02,outlets_4,Products_ 12,90,424.70039409119255,38223.03546820733
478,2018-10-03,outlets_2,Products_ 9,145,402.12613384654907,58308.28940774962
479,2013-07-14,outlets_0,Products_ 18,83,97.4831754006895,8091.1035582572285
480,2015-06-15,outlets_5,Products_ 8,148,196.24403945025708,29044.11783863805
481,2009-09-22,outlets_8,Products_ 3,115,300.04954900477907,34505.698135549595
482,2005-08-01,outlets_3,Products_ 19,97,319.1084798993091,30953.52255023298
483,2019-05-15,outlets_7,Products_ 7,51,99.742631589314,5086.874211055014
484,2020-02-24,outlets_6,Products_ 2,137,160.7958214430752,22029.027537701302
485,2020-01-31,outlets_6,Products_ 15,118,51.54854515211987,6082.728327950144
486,2022-02-13,outlets_3,Products_ 7,89,54.84872304472679,4881.536350980684
487,2018-01-21,outlets_8,Products_ 9,155,86.37209839579954,13387.675251348928
488,2012-09-27,outlets_1,Products_ 19,81,392.3426378783243,31779.75366814427
489,2016-09-01,outlets_3,Products_ 2,119,149.33612691684792,17770.999103104903
490,2020-09-09,outlets_8,Products_ 8,157,155.05174442671432,24343.123874994148
491,2020-04-27,outlets_2,Products_ 3,155,483.0853860192056,74878.23483297687
492,2004-03-26,outlets_9,Products_ 8,95,368.20525541110254,34979.49926405474
493,2003-10-21,outlets_6,Products_ 13,130,29.030366970830336,3773.9477062079436
494,2011-04-03,outlets_3,Products_ 11,92,17.607098387647795,1619.8530516635972
495,2015-09-02,outlets_6,Products_ 1,131,436.89949578385944,57233.83394768558
496,2018-10-12,outlets_1,Products_ 12,61,428.35139956838145,26129.43537367127
497,2004-04-20,outlets_6,Products_ 17,180,162.23211316240645,29201.78036923316
498,2022-07-21,outlets_6,Products_ 17,142,376.20052238209325,53420.474178257246
499,2023-04-27,outlets_7,Products_ 13,78,221.67067090728014,17290.31233076785
500,2014-07-26,outlets_3,Products_ 8,26,162.35912633553733,4221.337284723971
501,2010-07-23,outlets_0,Products_ 2,190,254.90326594870686,48431.6205302543
502,2017-11-02,outlets_9,Products_ 15,169,343.5873364993307,58066.25986838689
503,2004-04-01,outlets_0,Products_ 10,135,204.28980839287047,27579.124133037512
504,2007-08-02,outlets_4,Products_ 7,104,365.4731035237198,38009.20276646686
505,2023-12-18,outlets_9,Products_ 11,112,219.51196880649067,24585.340506326957
506,2018-11-01,outlets_7,Products_ 18,166,303.5536211081766,50389.90110395732
507,2012-09-09,outlets_6,Products_ 16,82,57.13457353068567,4685.035029516225
508,2016-05-08,outlets_5,Products_ 2,71,494.18684197866895,35087.2657804855
509,2019-04-19,outlets_0,Products_ 18,122,461.0302744241102,56245.69347974144
510,2005-02-10,outlets_0,Products_ 15,167,413.441822657315,69044.7843837716
511,2022-12-08,outlets_4,Products_ 0,108,391.1465525063691,42243.82767068787
512,2008-08-28,outlets_7,Products_ 8,3,481.7461425700906,1445.238427710272
513,2008-03-25,outlets_6,Products_ 12,165,258.54753947742927,42660.34401377583
514,2008-05-11,outlets_4,Products_ 10,75,67.2137549404234,5041.031620531755
515,2008-09-22,outlets_2,Products_ 12,57,236.6598939814645,13489.613956943476
516,2007-02-19,outlets_4,Products_ 9,154,403.8536100248028,62193.45594381963
517,2011-06-20,outlets_0,Products_ 6,59,415.7687583996856,24530.356745581452
518,2023-01-27,outlets_4,Products_ 18,145,446.6373529968944,64762.416184549686
519,2019-04-24,outlets_2,Products_ 8,127,239.2075764955612,30379.36221493627
520,2013-07-31,outlets_5,Products_ 5,41,487.07963011633484,19970.26483476973
521,2010-06-29,outlets_9,Products_ 9,96,88.98809175026312,8542.856808025259
522,2013-11-10,outlets_1,Products_ 12,167,250.9760941582954,41913.00772443533
523,2013-08-01,outlets_5,Products_ 5,5,196.83396998356443,984.1698499178221
524,2010-02-05,outlets_8,Products_ 17,152,445.15203218951,67663.10889280553
525,2016-12-05,outlets_7,Products_ 6,59,461.3058489621734,27217.04508876823
526,2023-06-05,outlets_1,Products_ 9,168,141.248706612027,23729.78271082054
527,2014-08-18,outlets_6,Products_ 11,129,271.77451532043506,35058.912476336125
528,2016-12-26,outlets_1,Products_ 5,167,171.70573495912242,28674.857738173443
529,2004-03-21,outlets_9,Products_ 15,117,402.7500672185052,47121.75786456511
530,2019-07-10,outlets_8,Products_ 5,110,298.9208366951211,32881.292036463325
531,2011-03-12,outlets_3,Products_ 12,27,304.2719435513546,8215.342475886573
532,2010-08-01,outlets_3,Products_ 1,82,168.19038602789172,13791.61165428712
533,2004-10-29,outlets_3,Products_ 8,134,271.6168277058551,36396.654912584585
534,2021-05-06,outlets_2,Products_ 0,2,443.0724841359036,886.1449682718072
535,2014-03-01,outlets_5,Products_ 19,141,368.2359954831279,51921.275363121036
536,2019-08-27,outlets_2,Products_ 15,87,299.8376162216921,26085.87261128721
537,2015-02-11,outlets_2,Products_ 12,116,202.5845464858832,23499.80739236245
538,2012-05-30,outlets_6,Products_ 11,1,142.5255020970845,142.5255020970845
539,2022-07-16,outlets_7,Products_ 10,1,485.0683064847151,485.0683064847151
540,2004-11-21,outlets_3,Products_ 0,59,450.7175489087228,26592.335385614646
541,2015-10-01,outlets_3,Products_ 10,27,422.1638146151938,11398.422994610233
542,2023-10-28,outlets_4,Products_ 7,20,192.40155100421634,3848.031020084327
543,2018-09-21,outlets_3,Products_ 15,134,246.4240063665113,33020.81685311251
544,2021-12-21,outlets_7,Products_ 18,30,295.183716195608,8855.51148586824
545,2020-09-11,outlets_9,Products_ 14,2,69.65211079753732,139.30422159507464
546,2017-01-14,outlets_9,Products_ 15,62,183.426760955191,11372.459179221843
547,2017-02-15,outlets_6,Products_ 8,157,100.65247878043651,15802.439168528532
548,2015-10-06,outlets_4,Products_ 11,135,431.88962199374225,58305.0989691552
549,2018-02-26,outlets_0,Products_ 3,86,183.70257281655594,15798.421262223812
550,2009-04-17,outlets_3,Products_ 1,88,91.68516951480865,8068.294917303161
551,2006-01-30,outlets_7,Products_ 19,92,490.6495019770044,45139.754181884404
552,2015-07-14,outlets_8,Products_ 9,115,265.7576348493213,30562.12800767195
553,2018-01-14,outlets_5,Products_ 0,4,386.7548392860153,1547.0193571440611
554,2012-09-23,outlets_2,Products_ 5,101,171.7981464518833,17351.612791640215
555,2020-06-30,outlets_7,Products_ 15,135,457.88444279007507,61814.39977666013
556,2010-01-03,outlets_6,Products_ 19,99,447.95634651177056,44347.678304665285
557,2011-09-10,outlets_9,Products_ 11,92,499.62923090928876,45965.889243654565
558,2006-08-01,outlets_4,Products_ 3,55,184.30019151768113,10136.510533472461
559,2017-02-06,outlets_9,Products_ 9,137,82.31196934666346,11276.739800492895
560,2019-04-22,outlets_1,Products_ 17,73,251.98418360158811,18394.845402915933
561,2009-03-28,outlets_1,Products_ 18,11,78.5646315110782,864.2109466218602
562,2021-01-08,outlets_2,Products_ 18,106,78.08070671240476,8276.554911514904
563,2023-03-07,outlets_6,Products_ 1,186,62.15829455705136,11561.442787611553
564,2020-04-28,outlets_4,Products_ 17,85,65.52941864870994,5570.000585140345
565,2014-06-11,outlets_7,Products_ 9,133,320.2109640473839,42588.05821830206
566,2012-01-30,outlets_1,Products_ 13,194,265.7558870230807,51556.64208247765
567,2010-03-10,outlets_9,Products_ 1,136,106.1154699981516,14431.703919748617
568,2018-03-07,outlets_7,Products_ 6,73,418.2348775285941,30531.14605958737
569,2003-06-07,outlets_4,Products_ 13,172,398.38326562659205,68521.92168777384
570,2014-06-27,outlets_1,Products_ 18,49,491.47442851441787,24082.246997206475
571,2012-09-10,outlets_6,Products_ 9,89,267.33344053172084,23792.676207323155
572,2008-04-13,outlets_8,Products_ 19,122,426.7817349349423,52067.37166206296
573,2004-03-20,outlets_7,Products_ 5,171,144.30369526671808,24675.93189060879
574,2009-12-25,outlets_0,Products_ 9,22,68.12092808120349,1498.6604177864767
575,2002-11-04,outlets_0,Products_ 3,111,143.17972706582893,15892.949704307011
576,2014-09-03,outlets_3,Products_ 14,147,13.583558935089972,1996.7831634582258
577,2012-10-14,outlets_5,Products_ 5,20,25.223552143297994,504.4710428659599
578,2015-10-02,outlets_0,Products_ 7,161,369.33414977638245,59462.798113997575
579,2006-03-09,outlets_0,Products_ 4,152,327.09769054745334,49718.848963212906
580,2003-12-20,outlets_2,Products_ 5,176,271.72120413362467,47822.931927517944
581,2016-07-12,outlets_3,Products_ 7,57,151.46289297081006,8633.384899336173
582,2008-12-07,outlets_2,Products_ 8,48,492.8195868037784,23655.340166581365
583,2010-08-01,outlets_7,Products_ 13,35,157.90452704697458,5526.65844664411
584,2005-10-27,outlets_4,Products_ 4,100,304.3411104671378,30434.11104671378
585,2024-01-25,outlets_2,Products_ 19,18,379.582591679207,6832.4866502257255
586,2007-09-14,outlets_0,Products_ 9,97,245.480612662633,23811.6194282754
587,2017-01-15,outlets_7,Products_ 18,97,296.39678373838046,28750.488022622903
588,2012-12-16,outlets_9,Products_ 3,112,230.66408572080607,25834.37760073028
589,2016-07-22,outlets_9,Products_ 4,147,76.86624248532812,11299.337645343234
590,2002-10-07,outlets_6,Products_ 12,126,404.16105702631546,50924.29318531575
591,2013-04-03,outlets_7,Products_ 6,69,17.051420295958927,1176.5480004211659
592,2018-07-20,outlets_4,Products_ 5,131,117.37435192532351,15376.04010221738
593,2012-09-09,outlets_7,Products_ 14,16,310.75609337149973,4972.097493943996
594,2015-12-22,outlets_9,Products_ 1,170,483.984167595023,82277.3084911539
595,2006-09-22,outlets_4,Products_ 2,98,455.6196217398362,44650.722930503944
596,2006-10-10,outlets_8,Products_ 1,107,462.55789443664526,49493.69470472104
597,2013-04-04,outlets_6,Products_ 2,52,331.94143356795735,17260.954545533783
598,2004-12-02,outlets_8,Products_ 9,70,102.13856083809064,7149.699258666345
599,2023-07-18,outlets_9,Products_ 8,165,439.80362019689596,72567.59733248783
600,2005-02-06,outlets_4,Products_ 8,29,405.5395471978862,11760.646868738699
601,2004-06-02,outlets_6,Products_ 1,82,334.62648747455535,27439.371972913537
602,2013-06-01,outlets_8,Products_ 16,56,479.6772550723656,26861.926284052475
603,2012-07-22,outlets_4,Products_ 12,135,24.558771592448295,3315.4341649805197
604,2004-03-29,outlets_5,Products_ 2,17,191.2475507202664,3251.2083622445284
605,2004-01-29,outlets_1,Products_ 14,128,461.9295807418242,59126.9863349535
606,2008-11-26,outlets_7,Products_ 13,21,446.0556975514861,9367.169648581208
607,2006-06-30,outlets_6,Products_ 8,4,422.2886830908586,1689.1547323634345
608,2017-10-19,outlets_9,Products_ 14,177,73.04895864518528,12929.665680197795
609,2017-03-25,outlets_1,Products_ 8,77,353.20683219960046,27196.926079369234
610,2003-05-05,outlets_4,Products_ 14,187,405.2755475520574,75786.52739223473
611,2020-10-25,outlets_4,Products_ 3,66,24.308112447500836,1604.3354215350553
612,2003-05-23,outlets_7,Products_ 3,83,165.46130367950028,13733.288205398523
613,2015-11-20,outlets_1,Products_ 15,24,384.51681061087766,9228.403454661064
614,2006-09-29,outlets_5,Products_ 6,25,253.12467462014084,6328.116865503521
615,2003-10-03,outlets_2,Products_ 2,55,358.9586775780041,19742.727266790225
616,2022-10-07,outlets_2,Products_ 15,116,355.5929121759848,41248.777812414235
617,2022-09-02,outlets_0,Products_ 14,22,268.3945743794376,5904.680636347627
618,2013-12-13,outlets_7,Products_ 5,183,494.36140865972214,90468.13778472916
619,2002-07-22,outlets_7,Products_ 2,148,349.9647745100534,51794.786627487905
620,2018-02-03,outlets_1,Products_ 14,96,360.5960004728279,34617.21604539148
621,2021-02-21,outlets_0,Products_ 7,55,69.48271575362449,3821.549366449347
622,2015-04-01,outlets_4,Products_ 19,4,407.08456117295935,1628.3382446918374
623,2012-07-01,outlets_8,Products_ 0,112,89.72535763532251,10049.24005515612
624,2014-12-01,outlets_2,Products_ 2,99,339.31300208804873,33591.987206716825
625,2018-03-05,outlets_1,Products_ 16,154,474.4960365480501,73072.38962839972
626,2011-09-01,outlets_4,Products_ 4,170,215.8024282213272,36686.41279762563
627,2008-01-01,outlets_2,Products_ 2,15,175.5737342611217,2633.6060139168253
628,2020-02-13,outlets_8,Products_ 16,72,142.15156157874142,10234.912433669382
629,2023-02-13,outlets_7,Products_ 15,167,188.37453997528277,31458.548175872224
630,2003-10-02,outlets_4,Products_ 7,178,456.3785462591094,81235.38123412147
631,2013-02-15,outlets_1,Products_ 19,23,60.831154569687534,1399.1165551028132
632,2017-10-13,outlets_9,Products_ 8,113,494.20499459709487,55845.16438947172
633,2014-05-03,outlets_5,Products_ 11,98,490.07138193683926,48026.995429810246
634,2023-02-06,outlets_7,Products_ 16,48,464.7468128197252,22307.84701534681
635,2012-08-09,outlets_5,Products_ 11,160,152.36580036522534,24378.528058436055
636,2020-01-04,outlets_1,Products_ 14,47,252.65796636094015,11874.924418964187
637,2016-12-29,outlets_5,Products_ 7,99,296.1978229739421,29323.584474420266
638,2013-07-12,outlets_3,Products_ 16,134,53.5186437221735,7171.498258771249
639,2004-03-06,outlets_0,Products_ 10,143,180.65436327956786,25833.573948978203
640,2019-06-30,outlets_7,Products_ 12,77,120.51577397787628,9279.714596296473
641,2015-05-19,outlets_2,Products_ 2,17,406.139535507589,6904.3721036290135
642,2013-05-14,outlets_2,Products_ 0,21,72.91778302260603,1531.2734434747267
643,2008-12-26,outlets_5,Products_ 3,10,216.20186819573442,2162.018681957344
644,2017-08-12,outlets_3,Products_ 13,57,97.71032155593666,5569.48832868839
645,2018-03-12,outlets_9,Products_ 18,166,236.9553708573383,39334.59156231816
646,2003-01-30,outlets_7,Products_ 8,99,392.4896255228462,38856.47292676177
647,2011-10-07,outlets_3,Products_ 16,7,455.8117091161344,3190.681963812941
648,2023-05-23,outlets_8,Products_ 12,159,363.3356138811196,57770.36260709802
649,2015-03-09,outlets_1,Products_ 6,68,330.0343521465322,22442.33594596419
650,2005-01-25,outlets_9,Products_ 2,199,306.1095755423145,60915.80553292058
651,2022-05-06,outlets_7,Products_ 10,54,82.85940514986032,4474.407878092457
652,2010-06-13,outlets_5,Products_ 13,185,306.4649688077994,56696.019229442885
653,2006-10-27,outlets_6,Products_ 3,14,150.7326121784714,2110.2565704986
654,2002-09-11,outlets_5,Products_ 17,124,443.88727554125217,55042.02216711527
655,2004-10-12,outlets_4,Products_ 5,11,128.56728718224912,1414.2401590047402
656,2012-04-24,outlets_0,Products_ 3,61,109.99118739083984,6709.46243084123
657,2013-04-14,outlets_0,Products_ 6,128,315.80769619254255,40423.38511264545
658,2005-12-12,outlets_3,Products_ 17,127,119.93061001002829,15231.187471273593
659,2004-01-06,outlets_3,Products_ 6,34,241.83257089758246,8222.307410517804
660,2022-06-28,outlets_2,Products_ 11,171,374.936668735461,64114.17035376383
661,2013-03-13,outlets_4,Products_ 0,129,188.0869042136644,24263.21064356271
662,2019-08-13,outlets_7,Products_ 15,183,365.72784980318676,66928.19651398317
663,2015-12-13,outlets_3,Products_ 18,57,17.772739242026645,1013.0461367955188
664,2008-05-22,outlets_7,Products_ 17,165,254.61509784841405,42011.49114498832
665,2017-03-16,outlets_5,Products_ 9,111,411.71370749473,45700.22153191503
666,2016-12-21,outlets_5,Products_ 8,67,348.2945838883931,23335.73712052234
667,2009-01-26,outlets_4,Products_ 17,103,24.862234854793513,2560.810190043732
668,2016-06-21,outlets_3,Products_ 11,6,26.756105928294385,160.5366355697663
669,2003-01-23,outlets_4,Products_ 0,184,380.4055008607447,69994.61215837703
670,2022-04-17,outlets_3,Products_ 10,146,110.35299629594701,16111.537459208263
671,2003-08-09,outlets_0,Products_ 17,2,128.9612682395254,257.9225364790508
672,2013-06-28,outlets_9,Products_ 9,180,439.25230637563266,79065.41514761388
673,2021-10-17,outlets_0,Products_ 13,142,433.28688083766184,61526.73707894798
674,2010-09-10,outlets_1,Products_ 1,8,143.59024573069493,1148.7219658455595
675,2018-10-11,outlets_3,Products_ 7,27,280.4616895228124,7572.465617115934
676,2005-01-29,outlets_7,Products_ 17,11,465.1520944960987,5116.673039457086
677,2011-01-19,outlets_7,Products_ 12,167,162.5022113703627,27137.869298850568
678,2002-08-11,outlets_4,Products_ 10,121,109.43321994965783,13241.419613908596
679,2021-07-20,outlets_0,Products_ 7,10,464.45922809776255,4644.592280977626
680,2021-10-09,outlets_9,Products_ 5,99,198.8225016451805,19683.42766287287
681,2023-02-09,outlets_2,Products_ 4,167,480.7902421350615,80291.97043655526
682,2003-04-08,outlets_3,Products_ 6,183,274.67626504917547,50265.75650399911
683,2012-10-13,outlets_3,Products_ 15,187,177.61868221783593,33214.69357473532
684,2006-06-07,outlets_8,Products_ 9,162,116.94736914140277,18945.47380090725
685,2007-05-01,outlets_3,Products_ 15,23,258.45589536397523,5944.485593371431
686,2021-04-22,outlets_2,Products_ 1,91,303.4133693418938,27610.616610112338
687,2008-02-17,outlets_4,Products_ 17,73,347.7475119393113,25385.568371569727
688,2004-05-12,outlets_9,Products_ 4,183,30.88833074142023,5652.564525679902
689,2022-07-14,outlets_3,Products_ 14,68,16.13172586462948,1096.9573587948046
690,2007-12-24,outlets_0,Products_ 16,41,261.1762406812726,10708.225867932177
691,2003-09-11,outlets_6,Products_ 7,176,476.9142250282408,83936.90360497039
692,2017-08-15,outlets_6,Products_ 9,176,177.71339579701217,31277.557660274142
693,2002-12-08,outlets_9,Products_ 7,3,275.09810968987654,825.2943290696296
694,2006-12-21,outlets_5,Products_ 6,109,99.64624254939021,10861.440437883533
695,2004-05-15,outlets_2,Products_ 8,24,345.656260687957,8295.750256510968
696,2017-04-13,outlets_3,Products_ 7,126,296.7984932888787,37396.61015439872
697,2020-12-23,outlets_5,Products_ 13,160,228.86297068747223,36618.075309995555
698,2015-02-20,outlets_5,Products_ 15,66,109.18984496584022,7206.529767745455
699,2015-05-31,outlets_3,Products_ 12,57,320.4121127783546,18263.49042836621
700,2014-05-25,outlets_9,Products_ 14,37,441.61776600793036,16339.857342293422
701,2005-03-01,outlets_4,Products_ 13,88,165.03768902122746,14523.316633868017
702,2010-08-06,outlets_3,Products_ 14,133,144.4415642064444,19210.728039457106
703,2014-06-01,outlets_7,Products_ 3,79,481.8130104662497,38063.227826833725
704,2015-06-14,outlets_7,Products_ 3,100,42.94210835728283,4294.210835728282
705,2002-12-27,outlets_1,Products_ 7,60,21.970197562074805,1318.2118537244883
706,2003-12-16,outlets_0,Products_ 7,31,92.8224057538081,2877.494578368051
707,2003-09-01,outlets_1,Products_ 0,173,169.12736801479394,29259.034666559353
708,2010-05-19,outlets_3,Products_ 19,104,234.55862808848977,24394.097321202935
709,2004-05-13,outlets_4,Products_ 14,5,94.83622973270047,474.18114866350237
710,2008-10-06,outlets_0,Products_ 0,38,174.9987045314758,6649.95077219608
711,2018-10-24,outlets_1,Products_ 16,111,312.77363209359373,34717.8731623889
712,2018-01-04,outlets_6,Products_ 6,67,254.42126747235557,17046.224920647823
713,2017-04-30,outlets_6,Products_ 17,60,159.74556034853484,9584.73362091209
714,2008-02-11,outlets_8,Products_ 0,36,303.50474125630745,10926.170685227069
715,2007-10-01,outlets_3,Products_ 1,67,30.48160745463539,2042.2676994605713
716,2004-02-11,outlets_5,Products_ 18,186,287.643854181665,53501.75687778969
717,2016-11-04,outlets_7,Products_ 17,187,238.8474470818798,44664.47260431152
718,2022-11-22,outlets_9,Products_ 15,1,140.8543098504748,140.8543098504748
719,2006-02-08,outlets_9,Products_ 0,181,148.7588840789025,26925.358018281353
720,2018-10-24,outlets_3,Products_ 10,136,307.0290269971076,41755.947671606635
721,2020-05-04,outlets_1,Products_ 4,123,140.32735485757013,17260.264647481126
722,2003-06-15,outlets_0,Products_ 9,158,135.1080359891698,21347.06968628883
723,2002-11-30,outlets_6,Products_ 12,43,30.380238989045868,1306.3502765289722
724,2020-11-11,outlets_4,Products_ 16,8,23.86869101368093,190.94952810944744
725,2020-02-18,outlets_6,Products_ 11,161,294.60038916645783,47430.66265579971
726,2012-11-22,outlets_9,Products_ 3,85,201.4094942419479,17119.80701056557
727,2009-01-28,outlets_7,Products_ 5,13,63.666089201748605,827.6591596227319
728,2005-02-15,outlets_4,Products_ 19,81,55.49666069695448,4495.2295164533125
729,2016-03-21,outlets_2,Products_ 9,103,314.2813478234219,32370.978825812457
730,2011-05-17,outlets_4,Products_ 9,101,244.34559560326431,24678.905155929697
731,2018-01-30,outlets_9,Products_ 5,66,374.1647790910622,24694.875420010107
732,2013-03-28,outlets_4,Products_ 9,38,163.3290570605027,6206.504168299102
733,2007-08-13,outlets_2,Products_ 11,73,459.7634989966156,33562.73542675294
734,2018-01-09,outlets_4,Products_ 17,168,45.15394519539268,7585.86279282597
735,2011-04-01,outlets_8,Products_ 6,31,394.522668051722,12230.202709603382
736,2014-05-15,outlets_4,Products_ 9,40,486.6687345648634,19466.74938259454
737,2010-10-04,outlets_0,Products_ 8,70,257.306240378795,18011.436826515648
738,2019-06-22,outlets_6,Products_ 11,168,29.813774648666694,5008.714140976004
739,2003-07-16,outlets_6,Products_ 3,97,252.6262135130619,24504.742710767005
740,2014-01-24,outlets_7,Products_ 3,186,107.59701232095624,20013.04429169786
741,2006-04-01,outlets_9,Products_ 13,25,131.85870102828812,3296.467525707203
742,2012-02-03,outlets_5,Products_ 12,8,251.43334511889074,2011.466760951126
743,2020-07-25,outlets_2,Products_ 15,84,304.65778316427384,25591.253785799003
744,2005-10-27,outlets_4,Products_ 9,42,212.5312163551466,8926.311086916157
745,2022-06-04,outlets_2,Products_ 14,20,248.96750411557645,4979.350082311529
746,2006-09-29,outlets_9,Products_ 14,120,325.3070339773759,39036.84407728511
747,2012-01-23,outlets_3,Products_ 3,153,381.5638221566907,58379.26478997368
748,2019-07-13,outlets_9,Products_ 19,161,428.6866683173146,69018.55359908765
749,2009-02-02,outlets_1,Products_ 1,16,444.48190685680447,7111.7105097088715
750,2014-03-21,outlets_5,Products_ 8,117,177.03202029161034,20712.74637411841
751,2002-11-15,outlets_7,Products_ 16,162,437.47658448484725,70871.20668654525
752,2016-06-08,outlets_8,Products_ 15,102,116.93905590620828,11927.783702433244
753,2011-01-05,outlets_5,Products_ 11,67,187.61318741395314,12570.08355673486
754,2007-02-25,outlets_4,Products_ 13,143,259.65479916635707,37130.63628078906
755,2010-12-08,outlets_9,Products_ 13,38,165.07789873543092,6272.960151946375
756,2013-01-01,outlets_0,Products_ 3,153,490.64445518179264,75068.60164281428
757,2005-10-07,outlets_3,Products_ 9,84,455.8909411428376,38294.83905599836
758,2012-07-25,outlets_7,Products_ 13,20,294.25073796017034,5885.014759203406
759,2009-06-01,outlets_3,Products_ 3,64,255.87746910563195,16376.158022760445
760,2019-07-02,outlets_2,Products_ 5,80,270.96902099890815,21677.52167991265
761,2014-04-12,outlets_7,Products_ 11,164,50.577395237862035,8294.692819009373
762,2012-10-05,outlets_0,Products_ 2,198,99.83214313601027,19766.764340930033
763,2003-03-06,outlets_7,Products_ 0,96,425.1344793231211,40812.91001501963
764,2015-12-31,outlets_3,Products_ 5,118,103.53496600835098,12217.125988985415
765,2020-09-22,outlets_9,Products_ 17,124,216.9837731570897,26905.987871479123
766,2021-07-15,outlets_8,Products_ 1,58,81.55764568116513,4730.343449507577
767,2016-08-13,outlets_1,Products_ 14,36,475.75733569826497,17127.26408513754
768,2023-12-22,outlets_6,Products_ 9,95,45.31317548283517,4304.751670869341
769,2006-02-21,outlets_7,Products_ 2,100,20.412635628877126,2041.2635628877126
770,2014-09-14,outlets_3,Products_ 7,67,34.64751715355078,2321.3836492879022
771,2021-05-27,outlets_6,Products_ 13,147,207.78530604310882,30544.439988336995
772,2010-07-06,outlets_8,Products_ 5,5,19.642171806676235,98.21085903338117
773,2008-04-24,outlets_8,Products_ 17,128,31.724328520154558,4060.7140505797834
774,2012-02-04,outlets_6,Products_ 7,64,472.55083437407217,30243.25339994062
775,2017-09-16,outlets_0,Products_ 16,141,40.3530078705595,5689.77410974889
776,2022-09-21,outlets_5,Products_ 7,91,334.2634684348412,30417.975627570548
777,2023-07-08,outlets_5,Products_ 1,59,318.3369848197767,18781.882104366825
778,2018-08-01,outlets_8,Products_ 10,144,350.3160918176685,50445.51722174427
779,2006-09-04,outlets_4,Products_ 3,160,215.21199109034956,34433.91857445593
780,2020-03-09,outlets_7,Products_ 5,191,493.24406987138923,94209.61734543534
781,2016-04-11,outlets_9,Products_ 13,171,156.86381767043162,26823.712821643807
782,2002-09-26,outlets_5,Products_ 17,39,125.99333533835333,4913.74007819578
783,2015-01-06,outlets_0,Products_ 12,175,424.81067161747256,74341.8675330577
784,2023-01-08,outlets_5,Products_ 3,19,225.60422037917365,4286.480187204299
785,2010-03-17,outlets_1,Products_ 17,40,326.4644595651951,13058.578382607804
786,2010-04-03,outlets_9,Products_ 6,4,135.96916037767716,543.8766415107086
787,2016-12-22,outlets_6,Products_ 3,34,359.2333690436153,12213.93454748292
788,2009-04-16,outlets_0,Products_ 10,56,127.15062905168793,7120.435226894524
789,2012-07-03,outlets_2,Products_ 5,175,304.7868267047788,53337.694673336286
790,2010-10-23,outlets_3,Products_ 4,145,463.00223755586455,67135.32444560036
791,2011-06-28,outlets_4,Products_ 11,56,244.06546471944864,13667.666024289123
792,2019-11-27,outlets_8,Products_ 11,74,185.55353864978684,13730.961860084226
793,2011-08-12,outlets_3,Products_ 17,37,318.5598913900126,11786.715981430465
794,2023-11-29,outlets_5,Products_ 15,33,188.29905837228347,6213.868926285354
795,2015-10-22,outlets_2,Products_ 15,170,466.6892594518532,79337.17410681504
796,2017-01-14,outlets_8,Products_ 12,120,421.3104786348921,50557.25743618705
797,2020-05-26,outlets_0,Products_ 13,4,321.31033656286826,1285.241346251473
798,2008-04-11,outlets_7,Products_ 19,13,147.07179381077225,1911.9333195400393
799,2003-04-09,outlets_5,Products_ 5,97,196.03003949943135,19014.913831444843
800,2023-10-13,outlets_9,Products_ 1,111,145.32138295647385,16130.673508168598
801,2011-06-09,outlets_8,Products_ 15,50,128.54847178726664,6427.423589363332
802,2020-02-11,outlets_2,Products_ 0,58,104.04495920188899,6034.607633709561
803,2015-09-30,outlets_1,Products_ 4,49,457.844784012919,22434.39441663303
804,2015-04-16,outlets_5,Products_ 14,118,492.71767560712067,58140.68572164024
805,2007-12-15,outlets_5,Products_ 11,39,286.1604098622684,11160.255984628468
806,2021-12-24,outlets_0,Products_ 4,195,281.555604386327,54903.342855333765
807,2005-11-19,outlets_0,Products_ 6,189,495.4630082807865,93642.50856506865
808,2004-04-10,outlets_4,Products_ 15,119,492.8383647477948,58647.76540498758
809,2016-11-20,outlets_1,Products_ 2,61,440.4789759438339,26869.217532573868
810,2012-02-27,outlets_7,Products_ 1,98,338.722688266523,33194.82345011926
811,2020-05-16,outlets_8,Products_ 13,193,443.69241848560085,85632.63676772096
812,2023-07-23,outlets_7,Products_ 5,101,259.2782181629518,26187.100034458133
813,2003-08-17,outlets_6,Products_ 6,67,345.35193861654517,23138.579887308526
814,2013-05-15,outlets_3,Products_ 7,9,430.4638414183969,3874.174572765572
815,2006-06-05,outlets_5,Products_ 2,116,443.33273589611565,51426.59736394942
816,2008-11-07,outlets_1,Products_ 9,78,60.853833301178256,4746.598997491904
817,2018-01-22,outlets_9,Products_ 0,183,54.66264118681846,10003.263337187778
818,2016-03-27,outlets_3,Products_ 7,104,207.17695312406443,21546.4031249027
819,2022-09-30,outlets_6,Products_ 12,22,364.3513320636383,8015.729305400043
820,2004-06-10,outlets_7,Products_ 7,194,101.7299517105322,19735.610631843247
821,2014-06-13,outlets_8,Products_ 18,57,98.42722169952683,5610.351636873029
822,2018-12-05,outlets_7,Products_ 5,32,444.03164047614393,14209.012495236606
823,2019-08-02,outlets_0,Products_ 17,40,290.60972628590224,11624.38905143609
824,2024-01-08,outlets_7,Products_ 8,43,154.46877169126043,6642.157182724199
825,2023-12-14,outlets_2,Products_ 7,117,34.64872602090194,4053.900944445527
826,2004-12-22,outlets_9,Products_ 5,34,232.12111934652938,7892.118057781999
827,2022-07-22,outlets_6,Products_ 6,15,218.05942247890886,3270.891337183633
828,2009-04-02,outlets_7,Products_ 7,77,431.136042468408,33197.475270067414
829,2012-03-24,outlets_5,Products_ 19,153,81.98245689601593,12543.315905090438
830,2013-02-22,outlets_0,Products_ 2,82,187.4659917106798,15372.211320275743
831,2018-01-10,outlets_4,Products_ 5,177,317.33621897641177,56168.51075882489
832,2019-04-10,outlets_1,Products_ 13,10,484.0240769691271,4840.240769691271
833,2020-01-17,outlets_3,Products_ 8,157,147.2985192822219,23125.867527308837
834,2013-02-22,outlets_1,Products_ 15,125,326.55817365443914,40819.771706804895
835,2011-08-30,outlets_1,Products_ 8,35,222.88480924364995,7800.968323527748
836,2003-01-24,outlets_2,Products_ 0,164,186.80171557954236,30635.481355044947
837,2016-06-07,outlets_0,Products_ 18,86,229.05051459607358,19698.344255262327
838,2014-09-03,outlets_5,Products_ 7,138,458.57264817952665,63283.02544877468
839,2023-09-18,outlets_1,Products_ 11,30,158.6169009427251,4758.507028281753
840,2011-07-06,outlets_0,Products_ 14,13,160.43290129557332,2085.627716842453
841,2019-11-25,outlets_7,Products_ 19,6,444.31701011200806,2665.9020606720483
842,2011-11-14,outlets_8,Products_ 17,104,106.53930390197841,11080.087605805755
843,2018-08-06,outlets_7,Products_ 15,73,485.08822285141525,35411.44026815331
844,2012-02-21,outlets_4,Products_ 16,185,230.53301533699135,42648.6078373434
845,2002-08-20,outlets_7,Products_ 8,115,73.21163092098556,8419.337555913338
846,2017-01-06,outlets_7,Products_ 7,38,65.2622025364146,2479.963696383755
847,2009-07-31,outlets_9,Products_ 10,38,413.47806950158974,15712.16664106041
848,2013-12-05,outlets_4,Products_ 9,42,29.20030294041688,1226.412723497509
849,2013-03-08,outlets_9,Products_ 14,37,214.5930826107135,7939.9440565964
850,2005-09-04,outlets_1,Products_ 13,7,13.605207218222235,95.23645052755565
851,2018-06-23,outlets_7,Products_ 6,22,136.69609572835992,3007.314106023918
852,2022-05-12,outlets_4,Products_ 19,50,247.98467726111735,12399.233863055868
853,2008-06-16,outlets_4,Products_ 3,66,228.71477795840983,15095.17534525505
854,2018-04-08,outlets_0,Products_ 4,182,395.0647764173567,71901.78930795893
855,2010-09-11,outlets_4,Products_ 19,135,326.9267911831871,44135.11680973026
856,2014-02-22,outlets_1,Products_ 18,60,279.2659757978096,16755.958547868573
857,2019-01-10,outlets_1,Products_ 3,131,179.3678177101345,23497.184120027618
858,2005-04-19,outlets_6,Products_ 16,174,265.867852818355,46261.00639039377
859,2023-02-14,outlets_1,Products_ 10,98,189.72927720480945,18593.469166071325
860,2005-10-17,outlets_4,Products_ 3,115,376.1296073452393,43254.90484470252
861,2021-08-25,outlets_0,Products_ 15,177,327.6286521829816,57990.271436387746
862,2003-09-30,outlets_9,Products_ 11,47,453.8170810548698,21329.40280957888
863,2022-12-27,outlets_8,Products_ 17,37,284.24894262979575,10517.210877302443
864,2005-08-31,outlets_8,Products_ 13,131,218.2909853595038,28596.119082094996
865,2021-01-06,outlets_9,Products_ 0,164,66.20182310890408,10857.09898986027
866,2017-07-19,outlets_1,Products_ 15,105,288.5858819805492,30301.517607957663
867,2020-10-03,outlets_5,Products_ 5,37,210.30462334025253,7781.271063589344
868,2021-12-16,outlets_8,Products_ 16,157,364.2202167683302,57182.57403262784
869,2017-11-28,outlets_1,Products_ 9,176,140.75932470931215,24773.64114883894
870,2015-01-14,outlets_5,Products_ 4,20,390.8955373681098,7817.910747362195
871,2017-04-19,outlets_3,Products_ 11,3,56.43119414460168,169.29358243380506
872,2018-05-07,outlets_7,Products_ 9,116,144.20698846469205,16728.010661904278
873,2006-06-26,outlets_7,Products_ 16,193,71.99377986930824,13894.79951477649
874,2020-10-04,outlets_0,Products_ 7,196,218.07688001690494,42743.06848331337
875,2004-03-10,outlets_9,Products_ 18,164,90.74068893118063,14881.472984713622
876,2010-11-20,outlets_4,Products_ 18,54,329.72473325058684,17805.13559553169
877,2004-06-15,outlets_5,Products_ 13,136,35.77214796242859,4865.012122890288
878,2008-06-24,outlets_7,Products_ 12,58,247.40287130045863,14349.366535426601
879,2008-04-02,outlets_9,Products_ 3,93,15.547407223892932,1445.9088718220428
880,2006-10-22,outlets_3,Products_ 17,63,375.38766080525176,23649.42263073086
881,2011-05-03,outlets_5,Products_ 19,166,45.12753375185906,7491.170602808605
882,2022-06-09,outlets_8,Products_ 0,188,248.60703471224883,46738.12252590278
883,2013-09-07,outlets_0,Products_ 13,45,109.5628391264023,4930.327760688103
884,2022-06-18,outlets_1,Products_ 2,55,73.42940856194011,4038.617470906706
885,2004-02-23,outlets_5,Products_ 14,24,152.2498599880101,3653.996639712242
886,2012-10-02,outlets_8,Products_ 1,135,216.04778578833685,29166.451081425475
887,2006-08-19,outlets_1,Products_ 12,139,41.96897242366548,5833.687166889501
888,2020-08-11,outlets_5,Products_ 1,117,146.72596653623864,17166.938084739922
889,2003-03-25,outlets_7,Products_ 13,198,334.01144445599834,66134.26600228767
890,2019-01-21,outlets_3,Products_ 0,150,79.26718220613711,11890.077330920567
891,2012-07-26,outlets_5,Products_ 11,30,359.32614103415625,10779.784231024687
892,2019-11-11,outlets_1,Products_ 17,58,118.12975763597366,6851.525942886472
893,2020-03-19,outlets_8,Products_ 16,145,306.52409442452665,44445.99369155637
894,2004-11-26,outlets_3,Products_ 12,141,173.6215580355785,24480.63968301657
895,2003-10-26,outlets_6,Products_ 5,101,492.4975768609342,49742.25526295436
896,2013-03-30,outlets_8,Products_ 10,148,224.1778925376257,33178.328095568606
897,2024-01-03,outlets_2,Products_ 11,119,178.7444559468564,21270.59025767591
898,2005-07-11,outlets_0,Products_ 8,49,143.2551657820938,7019.503123322596
899,2017-02-23,outlets_4,Products_ 0,20,182.85710477497648,3657.1420954995297
900,2003-06-18,outlets_6,Products_ 16,69,32.728311672262905,2258.25350538614
901,2015-01-13,outlets_3,Products_ 10,101,53.259087490051165,5379.167836495168
902,2019-05-14,outlets_1,Products_ 5,138,296.88298203341066,40969.85152061067
903,2008-06-07,outlets_6,Products_ 6,176,223.35544401696512,39310.55814698586
904,2006-07-30,outlets_4,Products_ 14,142,434.7825666246427,61739.12446069926
905,2010-02-03,outlets_1,Products_ 4,150,325.8262167805802,48873.93251708703
906,2009-07-31,outlets_5,Products_ 6,172,75.97178787820579,13067.147515051396
907,2023-09-16,outlets_6,Products_ 15,112,304.5217647731408,34106.43765459177
908,2020-12-30,outlets_0,Products_ 17,82,333.736806143821,27366.418103793323
909,2009-03-11,outlets_7,Products_ 10,106,309.38055648139994,32794.33898702839
910,2021-10-29,outlets_2,Products_ 18,196,148.6196168131017,29129.44489536793
911,2019-02-25,outlets_6,Products_ 0,43,195.29686872660895,8397.765355244184
912,2017-10-22,outlets_9,Products_ 5,53,140.1763985606372,7429.349123713772
913,2005-07-25,outlets_2,Products_ 3,171,401.5288773531851,68661.43802739466
914,2022-10-06,outlets_8,Products_ 10,69,31.593016424857474,2179.9181333151655
915,2008-12-04,outlets_0,Products_ 0,102,129.49589911339547,13208.581709566337
916,2015-03-09,outlets_2,Products_ 12,122,14.342338630851483,1749.765312963881
917,2006-08-21,outlets_8,Products_ 3,133,173.82726421706408,23119.026140869522
918,2002-07-24,outlets_7,Products_ 7,87,83.31089275845582,7248.047669985656
919,2008-04-29,outlets_8,Products_ 12,52,64.63700942767578,3361.1244902391404
920,2011-08-04,outlets_8,Products_ 6,159,406.7059480524851,64666.24574034513
921,2004-01-18,outlets_9,Products_ 15,54,291.4703683527852,15739.399891050401
922,2005-04-28,outlets_2,Products_ 15,160,39.08400867796206,6253.44138847393
923,2015-10-14,outlets_6,Products_ 7,72,394.2784143268662,28388.045831534368
924,2017-04-26,outlets_3,Products_ 17,130,191.21517529175753,24857.97278792848
925,2021-07-21,outlets_9,Products_ 17,15,352.4055141111193,5286.08271166679
926,2010-03-05,outlets_5,Products_ 12,196,492.65746145661336,96560.86244549621
927,2010-04-04,outlets_6,Products_ 15,46,399.18000762068255,18362.2803505514
928,2023-11-29,outlets_2,Products_ 2,188,22.444085398595462,4219.488054935947
929,2022-01-25,outlets_7,Products_ 9,127,15.313924194544146,1944.8683727071066
930,2017-12-02,outlets_3,Products_ 18,179,11.111819704483155,1989.0157271024848
931,2003-07-20,outlets_3,Products_ 3,117,153.12926717563977,17916.12425954985
932,2011-11-24,outlets_7,Products_ 11,119,391.20080899129346,46552.89626996392
933,2023-10-20,outlets_5,Products_ 6,55,354.08955519294955,19474.925535612227
934,2017-08-11,outlets_3,Products_ 11,38,175.90237985168167,6684.290434363904
935,2015-07-12,outlets_3,Products_ 9,4,113.72602602334209,454.90410409336835
936,2017-08-05,outlets_2,Products_ 17,194,261.2540296588039,50683.28175380796
937,2023-05-25,outlets_6,Products_ 8,21,360.25490697632284,7565.35304650278
938,2010-03-13,outlets_9,Products_ 7,11,24.371932565716406,268.09125822288047
939,2005-03-08,outlets_6,Products_ 1,63,192.65830381049506,12137.473140061189
940,2006-05-05,outlets_4,Products_ 17,100,138.51484590422717,13851.484590422717
941,2023-10-22,outlets_2,Products_ 9,55,386.97906039765644,21283.848321871104
942,2018-10-01,outlets_8,Products_ 4,20,413.8426739432698,8276.853478865396
943,2005-11-27,outlets_1,Products_ 8,131,327.5309558195482,42906.555212360814
944,2017-04-26,outlets_5,Products_ 12,148,219.5561820123436,32494.314937826854
945,2007-05-03,outlets_2,Products_ 11,198,88.68232515009463,17559.100379718737
946,2014-09-02,outlets_0,Products_ 15,74,341.5156806026408,25272.16036459542
947,2007-11-13,outlets_1,Products_ 2,100,436.4220435768394,43642.20435768394
948,2003-02-12,outlets_5,Products_ 15,117,331.34683672265925,38767.579896551135
949,2018-05-17,outlets_9,Products_ 19,2,241.04386572585534,482.0877314517107
950,2019-11-09,outlets_7,Products_ 14,94,38.83460137603964,3650.4525293477263
951,2023-01-19,outlets_4,Products_ 11,15,266.7726277958944,4001.5894169384155
952,2019-09-15,outlets_2,Products_ 16,143,469.16272125980163,67090.26914015163
953,2013-06-12,outlets_3,Products_ 15,9,385.2169844118892,3466.952859707003
954,2019-12-01,outlets_0,Products_ 4,89,292.27168604150745,26012.180057694164
955,2009-06-09,outlets_4,Products_ 14,191,463.567496065364,88541.39174848453
956,2013-01-25,outlets_1,Products_ 13,133,211.29311220302714,28101.98392300261
957,2006-04-16,outlets_9,Products_ 18,138,278.25726046180574,38399.50194372919
958,2009-04-23,outlets_9,Products_ 19,76,289.116691930476,21972.868586716177
959,2010-10-01,outlets_4,Products_ 6,31,270.6082404666403,8388.855454465851
960,2010-12-18,outlets_9,Products_ 6,179,470.1871046260753,84163.49172806749
961,2016-12-24,outlets_4,Products_ 18,47,496.8593767446074,23352.390706996546
962,2023-08-24,outlets_3,Products_ 16,80,336.47503161488373,26918.0025291907
963,2017-04-02,outlets_7,Products_ 12,155,284.26204503770293,44060.61698084395
964,2015-08-08,outlets_9,Products_ 17,71,394.0617569044662,27978.3847402171
965,2015-12-09,outlets_4,Products_ 1,143,162.91293368174414,23296.549516489413
966,2013-07-08,outlets_6,Products_ 18,136,435.8422978033815,59274.55250125988
967,2020-07-18,outlets_8,Products_ 2,184,334.39791900963144,61529.21709777218
968,2007-12-19,outlets_0,Products_ 13,141,488.69777775650516,68906.38666366723
969,2014-12-29,outlets_3,Products_ 7,151,40.845002374292946,6167.595358518235
970,2006-07-07,outlets_4,Products_ 9,102,104.79203978144248,10688.788057707134
971,2018-03-03,outlets_4,Products_ 16,152,353.3755663134098,53713.08607963829
972,2002-10-05,outlets_8,Products_ 18,176,471.44146941519745,82973.69861707476
973,2007-10-13,outlets_1,Products_ 14,123,281.85254152273734,34667.862607296694
974,2004-07-28,outlets_4,Products_ 3,199,234.86829595571655,46738.790895187594
975,2003-03-08,outlets_1,Products_ 4,136,108.63330704235412,14774.12975776016
976,2011-02-12,outlets_3,Products_ 3,60,497.987637474894,29879.25824849364
977,2012-01-10,outlets_0,Products_ 11,156,190.2271955974251,29675.442513198315
978,2023-12-11,outlets_7,Products_ 6,166,459.7144795168977,76312.60359980502
979,2005-01-08,outlets_2,Products_ 12,141,356.12766511524916,50214.00078125013
980,2007-02-16,outlets_5,Products_ 0,165,75.76045128938563,12500.474462748629
981,2011-04-11,outlets_1,Products_ 14,43,55.96608215762621,2406.541532777927
982,2007-05-03,outlets_2,Products_ 11,42,402.7370282143722,16914.95518500363
983,2023-10-28,outlets_3,Products_ 13,186,250.4279434655669,46579.59748459544
984,2022-03-11,outlets_1,Products_ 4,154,275.42588414794227,42415.58615878311
985,2008-04-10,outlets_0,Products_ 1,29,393.6430575779224,11415.648669759748
986,2009-04-03,outlets_0,Products_ 12,96,186.96053200836144,17948.211072802696
987,2014-11-14,outlets_9,Products_ 5,144,464.2882424831458,66857.50691757299
988,2008-11-06,outlets_2,Products_ 11,2,156.9609863057413,313.9219726114826
989,2014-11-16,outlets_8,Products_ 3,154,442.40306304927077,68130.0717095877
990,2022-06-25,outlets_8,Products_ 2,160,164.72405380069725,26355.84860811156
991,2021-07-04,outlets_1,Products_ 10,79,366.7076747877012,28969.906308228394
992,2016-12-18,outlets_8,Products_ 2,134,398.8684614043081,53448.37382817729
993,2020-11-28,outlets_2,Products_ 15,15,462.4612227478457,6936.918341217685
994,2007-09-26,outlets_5,Products_ 7,116,314.7356004401523,36509.32965105767
995,2017-09-26,outlets_7,Products_ 0,37,19.02827570798455,704.0462011954285
996,2017-04-12,outlets_1,Products_ 19,91,372.00091440254005,33852.08321063114
997,2016-01-17,outlets_4,Products_ 9,148,37.06254057609344,5485.256005261829
998,2017-01-28,outlets_5,Products_ 9,33,289.5637884286612,9555.60501814582
999,2023-07-18,outlets_6,Products_ 17,31,393.70533849144726,12204.865493234865
